ID,Time_Abs,Time_Rel,X,Y,P_Raw,Thickness,Bloc,Trial_in_Bloc,R,W
VIRTUAL_EXP_01,1600000000.0,0.0,398.4887078039694,445.45278559977004,3172.52103373891,4,VP,1,250,100
VIRTUAL_EXP_01,1600000000.0083473,0.0089382347930888,403.07232504804654,447.2164178030226,3113.817003686491,4,VP,1,250,100
VIRTUAL_EXP_01,1600000000.0166943,0.0178764695861776,407.57933773594095,448.60067903902615,3061.5181478565987,4,VP,1,250,100
VIRTUAL_EXP_01,1600000000.0250418,0.0268147043792664,411.92279103816173,449.3776610769973,3018.9018138578294,4,VP,1,250,100
VIRTUAL_EXP_01,1600000000.033389,0.0357529391723553,416.03904744534714,449.4927897567408,2987.3144250602304,4,VP,1,250,100
VIRTUAL_EXP_01,1600000000.041736,0.0446911739654441,419.96038168963565,449.03442124921037,2968.286963596078,4,VP,1,250,100
VIRTUAL_EXP_01,1600000000.0500834,0.0536294087585329,423.80332628804734,448.1871954997835,2962.733653459161,4,VP,1,250,100
VIRTUAL_EXP_01,1600000000.058431,0.0625676435516217,427.6882497038774,447.13624023413405,2969.638550951351,4,VP,1,250,100
VIRTUAL_EXP_01,1600000000.066778,0.0715058783447106,431.65583475637567,446.0103533716117,2986.0726962464796,4,VP,1,250,100
VIRTUAL_EXP_01,1600000000.0751252,0.0804441131377994,435.6559226526754,444.89973197811906,3006.5529345217537,4,VP,1,250,100
VIRTUAL_EXP_01,1600000000.0834725,0.0893823479308882,439.6167732853367,443.86708948798935,3023.451114808709,4,VP,1,250,100
VIRTUAL_EXP_01,1600000000.0918198,0.098320582723977,443.4915935261615,442.93308356521806,3030.7268730320375,4,VP,1,250,100
VIRTUAL_EXP_01,1600000000.100167,0.1072588175170658,447.2503774715086,442.04657754309824,3027.0319887758205,4,VP,1,250,100
VIRTUAL_EXP_01,1600000000.1085143,0.1161970523101547,450.910329728609,441.0769886981408,3015.8254878562902,4,VP,1,250,100
VIRTUAL_EXP_01,1600000000.116861,0.1251352871032435,454.55158463309186,439.89386779761344,3003.3691789510062,4,VP,1,250,100
VIRTUAL_EXP_01,1600000000.1252086,0.1340735218963323,458.23770102364074,438.43496260408335,2994.2027441925025,4,VP,1,250,100
VIRTUAL_EXP_01,1600000000.133556,0.1430117566894213,461.95726151751586,436.6881698952088,2989.0053148805523,4,VP,1,250,100
VIRTUAL_EXP_01,1600000000.1419032,0.1519499914825101,465.63411688597995,434.7041343605564,2987.5227548634502,4,VP,1,250,100
VIRTUAL_EXP_01,1600000000.1502504,0.1608882262755989,469.1648661524964,432.63988386976376,2989.2086889705806,4,VP,1,250,100
VIRTUAL_EXP_01,1600000000.1585977,0.1698264610686876,472.47488116883267,430.71963750934424,2991.8708606526766,4,VP,1,250,100
VIRTUAL_EXP_01,1600000000.166945,0.1787646958617766,475.54471273865875,429.09874885354645,2994.166586399041,4,VP,1,250,100
VIRTUAL_EXP_01,1600000000.1752925,0.1877029306548654,478.40868781172617,427.7339379438601,2997.166231642809,4,VP,1,250,100
VIRTUAL_EXP_01,1600000000.1836393,0.1966411654479542,481.1479442766595,426.4020383628421,3001.1936463090724,4,VP,1,250,100
VIRTUAL_EXP_01,1600000000.1919866,0.205579400241043,483.8483721710727,424.85499951428835,3004.387293617575,4,VP,1,250,100
VIRTUAL_EXP_01,1600000000.2003338,0.2145176350341318,486.5699035214111,422.95438466404835,3005.685364787533,4,VP,1,250,100
VIRTUAL_EXP_01,1600000000.208681,0.2234558698272207,489.3765115285027,420.7012524002132,3006.3683056172454,4,VP,1,250,100
VIRTUAL_EXP_01,1600000000.2170284,0.2323941046203095,492.34357359254847,418.1815829916202,3008.0320815613736,4,VP,1,250,100
VIRTUAL_EXP_01,1600000000.2253757,0.2413323394133983,495.499828684588,415.4847715700391,3011.7513148918315,4,VP,1,250,100
VIRTUAL_EXP_01,1600000000.233723,0.2502705742064871,498.7963060549619,412.668807621801,3019.3558929810756,4,VP,1,250,100
VIRTUAL_EXP_01,1600000000.2420702,0.259208808999576,502.12104841209054,409.7883419345112,3032.340946114777,4,VP,1,250,100
VIRTUAL_EXP_01,1600000000.2504177,0.2681470437926648,505.31139571898376,406.9189307927255,3048.9825656133044,4,VP,1,250,100
VIRTUAL_EXP_01,1600000000.2587645,0.2770852785857536,508.2231591109463,404.11966740682277,3064.2165057745897,4,VP,1,250,100
VIRTUAL_EXP_01,1600000000.2671118,0.2860235133788426,510.8494810595576,401.3546250395663,3072.231394154281,4,VP,1,250,100
VIRTUAL_EXP_01,1600000000.275459,0.2949617481719313,513.3224780500879,398.48134576643196,3069.1129403571663,4,VP,1,250,100
VIRTUAL_EXP_01,1600000000.2838063,0.3038999829650202,515.7670159244908,395.35943027698846,3054.8767201354904,4,VP,1,250,100
VIRTUAL_EXP_01,1600000000.2921536,0.312838217758109,518.206646479424,391.9625618667858,3034.1678438450253,4,VP,1,250,100
VIRTUAL_EXP_01,1600000000.3005009,0.3217764525511978,520.6369628642734,388.36997196309125,3013.5491068158867,4,VP,1,250,100
VIRTUAL_EXP_01,1600000000.308848,0.3307146873442867,523.1062222947094,384.6858827640813,2997.2488169859203,4,VP,1,250,100
VIRTUAL_EXP_01,1600000000.3171954,0.3396529221373755,525.6624066223078,380.99860229377833,2985.617558237395,4,VP,1,250,100
VIRTUAL_EXP_01,1600000000.3255427,0.3485911569304643,528.271498257944,377.35886727561183,2975.7767463892633,4,VP,1,250,100
VIRTUAL_EXP_01,1600000000.3338895,0.3575293917235532,530.8254787199894,373.7600985226941,2963.880459940135,4,VP,1,250,100
VIRTUAL_EXP_01,1600000000.342237,0.366467626516642,533.2071023558091,370.1682597291339,2949.172484104698,4,VP,1,250,100
VIRTUAL_EXP_01,1600000000.3505845,0.3754058613097308,535.3479356975198,366.55486550429623,2935.296755210822,4,VP,1,250,100
VIRTUAL_EXP_01,1600000000.3589315,0.3843440961028197,537.2343382828703,362.90470420120096,2927.4118092504145,4,VP,1,250,100
VIRTUAL_EXP_01,1600000000.3672788,0.3932823308959085,538.8547173285391,359.2233580268499,2929.147279677777,4,VP,1,250,100
VIRTUAL_EXP_01,1600000000.375626,0.4022205656889973,540.1983704796432,355.53000764266324,2940.3775870132454,4,VP,1,250,100
VIRTUAL_EXP_01,1600000000.3839734,0.4111588004820861,541.3294223268583,351.85560754759746,2956.2342259452876,4,VP,1,250,100
VIRTUAL_EXP_01,1600000000.3923206,0.4200970352751749,542.3648354316914,348.2342596738537,2969.4991251210813,4,VP,1,250,100
VIRTUAL_EXP_01,1600000000.4006677,0.4290352700682637,543.3540323243919,344.6641752737318,2975.3098307865334,4,VP,1,250,100
VIRTUAL_EXP_01,1600000000.409015,0.4379735048613526,544.2575661563678,341.1101869999341,2974.8412280807925,4,VP,1,250,100
VIRTUAL_EXP_01,1600000000.4173622,0.4469117396544414,545.0402347889194,337.52750598316516,2974.587295661526,4,VP,1,250,100
VIRTUAL_EXP_01,1600000000.4257095,0.4558499744475302,545.7419283741873,333.85565769377206,2981.1784852889514,4,VP,1,250,100
VIRTUAL_EXP_01,1600000000.4340568,0.4647882092406191,546.4537724955212,330.0504765060276,2996.5968713347015,4,VP,1,250,100
VIRTUAL_EXP_01,1600000000.442404,0.4737264440337079,547.2102449685784,326.12847773697916,3017.2338961550386,4,VP,1,250,100
VIRTUAL_EXP_01,1600000000.4507513,0.4826646788267968,547.9309695922155,322.1414885429122,3036.316187341698,4,VP,1,250,100
VIRTUAL_EXP_01,1600000000.4590986,0.4916029136198857,548.5127372680597,318.1398439985953,3047.7437072911225,4,VP,1,250,100
VIRTUAL_EXP_01,1600000000.467446,0.5005411484129744,548.9368851742389,314.1781003277922,3049.119340035441,4,VP,1,250,100
VIRTUAL_EXP_01,1600000000.475793,0.5094793832060633,549.2475586873954,310.3011732364222,3042.5223075134754,4,VP,1,250,100
VIRTUAL_EXP_01,1600000000.4841402,0.5184176179991521,549.4716458208093,306.5194403985436,3032.7464357984313,4,VP,1,250,100
VIRTUAL_EXP_01,1600000000.4924874,0.5273558527922408,549.6139551509303,302.82126013724906,3024.4557561546585,4,VP,1,250,100
VIRTUAL_EXP_01,1600000000.5008347,0.5362940875853298,549.7063177769584,299.1749192833505,3020.5257233892694,4,VP,1,250,100
VIRTUAL_EXP_01,1600000000.509182,0.5452323223784186,549.7974087544293,295.5311127820478,3021.1449299887818,4,VP,1,250,100
VIRTUAL_EXP_01,1600000000.5175292,0.5541705571715074,549.899329471714,291.8513788446593,3022.7095373681723,4,VP,1,250,100
VIRTUAL_EXP_01,1600000000.5258763,0.5631087919645963,549.9867954414019,288.10672186036686,3018.9004645783657,4,VP,1,250,100
VIRTUAL_EXP_01,1600000000.5342238,0.5720470267576852,550.0217819467106,284.2674767373197,3005.125163845135,4,VP,1,250,100
VIRTUAL_EXP_01,1600000000.542571,0.5809852615507739,549.9370042781993,280.34170781083895,2982.974106559,4,VP,1,250,100
VIRTUAL_EXP_01,1600000000.550918,0.5899234963438628,549.6362356447889,276.39958959733565,2960.0575899832666,4,VP,1,250,100
VIRTUAL_EXP_01,1600000000.5592654,0.5988617311369516,549.0469229182693,272.5099708183448,2944.7118603937506,4,VP,1,250,100
VIRTUAL_EXP_01,1600000000.5676126,0.6077999659300404,548.1514906142562,268.67518140791657,2940.9544988574416,4,VP,1,250,100
VIRTUAL_EXP_01,1600000000.57596,0.6167382007231292,546.9917337203225,264.8592399207784,2947.7891014905053,4,VP,1,250,100
VIRTUAL_EXP_01,1600000000.5843072,0.6256764355162181,545.6622590800653,261.03926405185376,2961.237341133498,4,VP,1,250,100
VIRTUAL_EXP_01,1600000000.5926545,0.6346146703093068,544.2656356060116,257.2208786568258,2976.439945645431,4,VP,1,250,100
VIRTUAL_EXP_01,1600000000.6010015,0.6435529051023957,542.8626207703687,253.44620115721844,2989.2244144124443,4,VP,1,250,100
VIRTUAL_EXP_01,1600000000.609349,0.6524911398954846,541.4513609736726,249.76648549830688,2997.2656062440155,4,VP,1,250,100
VIRTUAL_EXP_01,1600000000.617696,0.6614293746885734,539.9863526758642,246.1803139930879,3000.297927167851,4,VP,1,250,100
VIRTUAL_EXP_01,1600000000.626043,0.6703676094816622,538.4174019557446,242.6279692470746,2999.16093361431,4,VP,1,250,100
VIRTUAL_EXP_01,1600000000.6343906,0.6793058442747512,536.6995085837659,239.04232932273334,2995.5455741934247,4,VP,1,250,100
VIRTUAL_EXP_01,1600000000.642738,0.6882440790678399,534.8192203966644,235.38252872670606,2992.1176191909926,4,VP,1,250,100
VIRTUAL_EXP_01,1600000000.6510851,0.6971823138609287,532.8343359966356,231.64517053810965,2990.003635844288,4,VP,1,250,100
VIRTUAL_EXP_01,1600000000.6594324,0.7061205486540175,530.8117744359448,227.86589076479046,2986.8812248522822,4,VP,1,250,100
VIRTUAL_EXP_01,1600000000.6677797,0.7150587834471064,528.7481125312659,224.10551904196097,2980.172992217134,4,VP,1,250,100
VIRTUAL_EXP_01,1600000000.676127,0.7239970182401952,526.6291432370036,220.44726358748852,2970.7985328617488,4,VP,1,250,100
VIRTUAL_EXP_01,1600000000.6844742,0.732935253033284,524.507734444529,216.9919173958006,2962.394871611852,4,VP,1,250,100
VIRTUAL_EXP_01,1600000000.6928213,0.741873487826373,522.4549270346495,213.80893519472804,2958.346797459627,4,VP,1,250,100
VIRTUAL_EXP_01,1600000000.7011683,0.7508117226194617,520.4537449722836,210.8938985432234,2959.752189574592,4,VP,1,250,100
VIRTUAL_EXP_01,1600000000.7095158,0.7597499574125505,518.3656587615476,208.16598282448408,2965.110165054418,4,VP,1,250,100
VIRTUAL_EXP_01,1600000000.717863,0.7686881922056394,516.0397597750497,205.47484554135366,2972.6920619387756,4,VP,1,250,100
VIRTUAL_EXP_01,1600000000.7262104,0.7776264269987282,513.4681124630956,202.6599537407607,2982.4669176766297,4,VP,1,250,100
VIRTUAL_EXP_01,1600000000.7345576,0.786564661791817,510.78052550770485,199.66877922122916,2994.3676967193264,4,VP,1,250,100
VIRTUAL_EXP_01,1600000000.742905,0.7955028965849058,508.07699521714625,196.59978179800993,3007.301353007466,4,VP,1,250,100
VIRTUAL_EXP_01,1600000000.7512522,0.8044411313779947,505.3341700370985,193.60875600224426,3020.514443954922,4,VP,1,250,100
VIRTUAL_EXP_01,1600000000.7595994,0.8133793661710835,502.48477274484634,190.7958216939994,3033.5351523741324,4,VP,1,250,100
VIRTUAL_EXP_01,1600000000.7679465,0.8223176009641723,499.5202335200675,188.18698908480494,3045.152625148944,4,VP,1,250,100
VIRTUAL_EXP_01,1600000000.7762938,0.8312558357572613,496.4965143697545,185.7665627964271,3052.4579707299995,4,VP,1,250,100
VIRTUAL_EXP_01,1600000000.784641,0.84019407055035,493.45924068709974,183.46952939677917,3050.6612586970414,4,VP,1,250,100
VIRTUAL_EXP_01,1600000000.7929883,0.8491323053434388,490.384651972297,181.17688126618296,3036.336191708455,4,VP,1,250,100
VIRTUAL_EXP_01,1600000000.8013356,0.8580705401365276,487.23107668411114,178.7840621969056,3011.6419980096443,4,VP,1,250,100
VIRTUAL_EXP_01,1600000000.8096828,0.8670087749296165,484.02983688469436,176.29165039595574,2984.8181146188635,4,VP,1,250,100
VIRTUAL_EXP_01,1600000000.81803,0.8759470097227053,480.86268095379455,173.82723875030567,2965.7149573022216,4,VP,1,250,100
VIRTUAL_EXP_01,1600000000.8263774,0.8848852445157941,477.7756938535311,171.54413884979175,2958.421116645437,4,VP,1,250,100
VIRTUAL_EXP_01,1600000000.8347244,0.8938234793088831,474.75661768990557,169.45308803494117,2958.4877564714166,4,VP,1,250,100
VIRTUAL_EXP_01,1600000000.8430717,0.9027617141019718,471.74085339723996,167.40859611735524,2958.577808539741,4,VP,1,250,100
VIRTUAL_EXP_01,1600000000.851419,0.9116999488950606,468.6296427191966,165.31674012225537,2954.282096963438,4,VP,1,250,100
VIRTUAL_EXP_01,1600000000.8597662,0.9206381836881496,465.3485365359369,163.26041347813518,2944.6109606673194,4,VP,1,250,100
VIRTUAL_EXP_01,1600000000.8681135,0.9295764184812384,461.88740901418475,161.38045357494184,2931.658325511277,4,VP,1,250,100
VIRTUAL_EXP_01,1600000000.8764608,0.9385146532743271,458.28020469969516,159.74355306242538,2920.048935727477,4,VP,1,250,100
VIRTUAL_EXP_01,1600000000.884808,0.947452888067416,454.55208941597135,158.35304930632125,2913.7867691967886,4,VP,1,250,100
VIRTUAL_EXP_01,1600000000.893155,0.9563911228605048,450.68761390923964,157.22218936769877,2913.8350041331114,4,VP,1,250,100
VIRTUAL_EXP_01,1600000000.9015026,0.9653293576535936,446.6483335224548,156.3912290936869,2918.971060709887,4,VP,1,250,100
VIRTUAL_EXP_01,1600000000.9098496,0.9742675924466824,442.4325953079014,155.85904029568349,2927.349609154552,4,VP,1,250,100
VIRTUAL_EXP_01,1600000000.918197,0.9832058272397712,438.10939270282836,155.52681397237203,2936.6975471764254,4,VP,1,250,100
VIRTUAL_EXP_01,1600000000.9265442,0.99214406203286,433.7657823333014,155.23226411085494,2944.3640424073574,4,VP,1,250,100
VIRTUAL_EXP_01,1600000000.9348917,1.001082296825949,429.46154450217716,154.82777087849553,2948.1258179638266,4,VP,1,250,100
VIRTUAL_EXP_01,1600000000.9432387,1.0100205316190378,425.26747773014483,154.2297522668713,2947.3956003804997,4,VP,1,250,100
VIRTUAL_EXP_01,1600000000.951586,1.018958766412127,421.27989180950453,153.44486356219704,2944.258370340473,4,VP,1,250,100
VIRTUAL_EXP_01,1600000000.9599333,1.027897001205215,417.52706046179526,152.59095550918474,2942.540274300895,4,VP,1,250,100
VIRTUAL_EXP_01,1600000000.9682806,1.0368352359983042,413.9049908267984,151.85159942137722,2945.2351942940168,4,VP,1,250,100
VIRTUAL_EXP_01,1600000000.9766278,1.0457734707913933,410.2671945830306,151.34958203698815,2953.3877768701445,4,VP,1,250,100
VIRTUAL_EXP_01,1600000000.9849749,1.0547117055844817,406.53683976385,151.0573272871424,2966.220393970858,4,VP,1,250,100
VIRTUAL_EXP_01,1600000000.993322,1.0636499403775708,402.7142177222899,150.84565981025432,2980.4273656873193,4,VP,1,250,100
VIRTUAL_EXP_01,1600000001.0016694,1.0725881751706596,398.83442709314085,150.60236774446642,2990.651291518489,4,VP,1,250,100
VIRTUAL_EXP_01,1600000001.010017,1.0815264099637485,394.93306428757126,150.28897624834534,2992.5272526528547,4,VP,1,250,100
VIRTUAL_EXP_01,1600000001.018364,1.0904646447568371,391.0353841177131,149.9338236738983,2984.858414575373,4,VP,1,250,100
VIRTUAL_EXP_01,1600000001.0267112,1.099402879549926,387.1586544526467,149.62139577484368,2969.7977301502056,4,VP,1,250,100
VIRTUAL_EXP_01,1600000001.0350585,1.1083411143430149,383.2991973958821,149.47460255881458,2952.6140783356764,4,VP,1,250,100
VIRTUAL_EXP_01,1600000001.0434058,1.1172793491361035,379.451852082768,149.59110730618804,2939.4765696145582,4,VP,1,250,100
VIRTUAL_EXP_01,1600000001.0517528,1.1262175839291926,375.6455837285943,149.98465082562407,2933.592400555408,4,VP,1,250,100
VIRTUAL_EXP_01,1600000001.0601,1.1351558187222814,371.9048590251572,150.63262723105478,2934.3361572634044,4,VP,1,250,100
VIRTUAL_EXP_01,1600000001.0684474,1.1440940535153703,368.20449568841303,151.5473106039913,2939.400134359047,4,VP,1,250,100
VIRTUAL_EXP_01,1600000001.0767946,1.1530322883084587,364.47243187824216,152.7254706032432,2945.8539458963464,4,VP,1,250,100
VIRTUAL_EXP_01,1600000001.085142,1.1619705231015478,360.60457685244575,154.06182850324313,2951.07598973801,4,VP,1,250,100
VIRTUAL_EXP_01,1600000001.0934892,1.1709087578946364,356.528387459436,155.39160214906315,2955.1935450339524,4,VP,1,250,100
VIRTUAL_EXP_01,1600000001.1018364,1.1798469926877253,352.27170065748123,156.62221166177753,2960.8436655897485,4,VP,1,250,100
VIRTUAL_EXP_01,1600000001.1101837,1.1887852274808144,347.95017594712664,157.7956461590942,2969.7336782465595,4,VP,1,250,100
VIRTUAL_EXP_01,1600000001.118531,1.197723462273903,343.7223011683467,159.04829598282623,2981.1695193231308,4,VP,1,250,100
VIRTUAL_EXP_01,1600000001.126878,1.206661697066992,339.7469740650075,160.52459771894272,2993.258644603088,4,VP,1,250,100
VIRTUAL_EXP_01,1600000001.1352253,1.2155999318600808,336.12763393198554,162.28894168326596,3004.081149103986,4,VP,1,250,100
VIRTUAL_EXP_01,1600000001.1435726,1.2245381666531696,332.8697786149594,164.30021509928008,3012.2766278057916,4,VP,1,250,100
VIRTUAL_EXP_01,1600000001.1519198,1.2334764014462585,329.88841622364055,166.4520838720525,3017.9409892998415,4,VP,1,250,100
VIRTUAL_EXP_01,1600000001.160267,1.2424146362393471,327.0539535946167,168.62078403309303,3023.251733060756,4,VP,1,250,100
VIRTUAL_EXP_01,1600000001.1686144,1.2513528710324362,324.23231326272224,170.70486153918858,3030.887710166183,4,VP,1,250,100
VIRTUAL_EXP_01,1600000001.1769617,1.260291105825525,321.3244283736178,172.65881128249217,3041.510405837713,4,VP,1,250,100
VIRTUAL_EXP_01,1600000001.185309,1.269229340618614,318.30551527202925,174.53052879971523,3053.2620831815275,4,VP,1,250,100
VIRTUAL_EXP_01,1600000001.1936562,1.2781675754117026,315.2178262881405,176.47902941362713,3063.0009838650203,4,VP,1,250,100
VIRTUAL_EXP_01,1600000001.2020032,1.2871058102047916,312.1138467675578,178.7035141001788,3067.868544050672,4,VP,1,250,100
VIRTUAL_EXP_01,1600000001.2103505,1.2960440449978807,309.0086419281303,181.297844102859,3066.0816470709287,4,VP,1,250,100
VIRTUAL_EXP_01,1600000001.2186978,1.3049822797909691,305.90448460422994,184.16792081564972,3056.8852953292053,4,VP,1,250,100
VIRTUAL_EXP_01,1600000001.227045,1.3139205145840582,302.8406940351583,187.11722376278288,3041.05760455134,4,VP,1,250,100
VIRTUAL_EXP_01,1600000001.2353923,1.3228587493771469,299.87901400172376,190.00321497465495,3020.413736874173,4,VP,1,250,100
VIRTUAL_EXP_01,1600000001.2437396,1.3317969841702355,297.06271430766117,192.79764861330014,2996.1800211340765,4,VP,1,250,100
VIRTUAL_EXP_01,1600000001.2520869,1.3407352189633244,294.4064497053691,195.53919651401608,2970.3601756033413,4,VP,1,250,100
VIRTUAL_EXP_01,1600000001.2604342,1.3496734537564132,291.8785373483378,198.27366311700516,2947.956238898656,4,VP,1,250,100
VIRTUAL_EXP_01,1600000001.2687812,1.3586116885495023,289.3832264073145,201.02283764763223,2935.387207465218,4,VP,1,250,100
VIRTUAL_EXP_01,1600000001.2771285,1.367549923342591,286.8224129279535,203.76652389154356,2937.4882708466594,4,VP,1,250,100
VIRTUAL_EXP_01,1600000001.2854755,1.3764881581356798,284.17704595066135,206.47837221109782,2955.03352001852,4,VP,1,250,100
VIRTUAL_EXP_01,1600000001.293823,1.385426392928769,281.49852311303715,209.21279889715075,2982.9249341078244,4,VP,1,250,100
VIRTUAL_EXP_01,1600000001.3021705,1.394364627721857,278.8606265164743,212.0962629030053,3012.012016355816,4,VP,1,250,100
VIRTUAL_EXP_01,1600000001.3105175,1.4033028625149462,276.33940092657684,215.20518471092518,3034.1854781411585,4,VP,1,250,100
VIRTUAL_EXP_01,1600000001.3188648,1.412241097308035,274.0009450643301,218.5289953557295,3045.9087941407465,4,VP,1,250,100
VIRTUAL_EXP_01,1600000001.327212,1.421179332101124,271.8764510940858,222.03838353585624,3047.646306084731,4,VP,1,250,100
VIRTUAL_EXP_01,1600000001.3355594,1.4301175668942128,269.94605770605386,225.69282164483093,3041.6703526168462,4,VP,1,250,100
VIRTUAL_EXP_01,1600000001.3439064,1.4390558016873016,268.14818959690956,229.4278855598104,3031.390631281928,4,VP,1,250,100
VIRTUAL_EXP_01,1600000001.3522537,1.4479940364803905,266.4153882970053,233.20829672695993,3020.9841171955427,4,VP,1,250,100
VIRTUAL_EXP_01,1600000001.360601,1.4569322712734791,264.71126477216075,237.02750542546505,3013.803168436524,4,VP,1,250,100
VIRTUAL_EXP_01,1600000001.3689482,1.465870506066568,263.01631265225166,240.83739682440816,3010.6480881287944,4,VP,1,250,100
VIRTUAL_EXP_01,1600000001.3772955,1.4748087408596569,261.3156806254633,244.56392200187878,3009.298768211137,4,VP,1,250,100
VIRTUAL_EXP_01,1600000001.3856428,1.483746975652746,259.63100129532194,248.1974078877898,3007.0571047656363,4,VP,1,250,100
VIRTUAL_EXP_01,1600000001.39399,1.4926852104458346,258.0105318947212,251.8135475574627,3004.140290096414,4,VP,1,250,100
VIRTUAL_EXP_01,1600000001.4023373,1.5016234452389234,256.48467305956905,255.5023442655653,3002.7413253400828,4,VP,1,250,100
VIRTUAL_EXP_01,1600000001.4106846,1.5105616800320123,255.06337965999776,259.2787610906298,3003.806919656713,4,VP,1,250,100
VIRTUAL_EXP_01,1600000001.4190316,1.5194999148251007,253.7723480475062,263.07224627339104,3006.6256776376954,4,VP,1,250,100
VIRTUAL_EXP_01,1600000001.427379,1.5284381496181898,252.67990246552958,266.83988530578716,3009.7391708828936,4,VP,1,250,100
VIRTUAL_EXP_01,1600000001.4357262,1.5373763844112789,251.8659966009997,270.6478764183891,3010.569523430759,4,VP,1,250,100
VIRTUAL_EXP_01,1600000001.4440734,1.5463146192043673,251.3549787914576,274.5637136611976,3005.215233604362,4,VP,1,250,100
VIRTUAL_EXP_01,1600000001.4524207,1.5552528539974564,251.0960146802853,278.537820895658,2990.6896859935773,4,VP,1,250,100
VIRTUAL_EXP_01,1600000001.460768,1.564191088790545,251.01338371735534,282.4869299293,2968.7389678062586,4,VP,1,250,100
VIRTUAL_EXP_01,1600000001.4691153,1.573129323583634,251.05351321389463,286.4078556564463,2946.7503106424306,4,VP,1,250,100
VIRTUAL_EXP_01,1600000001.4774623,1.5820675583767227,251.17601268408504,290.3421158500163,2933.4532409258964,4,VP,1,250,100
VIRTUAL_EXP_01,1600000001.4858096,1.5910057931698116,251.32868727237476,294.3098600887016,2933.403874879302,4,VP,1,250,100
VIRTUAL_EXP_01,1600000001.4941568,1.5999440279629007,251.45919741697324,298.2943865476011,2945.184319432709,4,VP,1,250,100
VIRTUAL_EXP_01,1600000001.502504,1.6088822627559891,251.5381221406489,302.2390735016767,2962.913588396517,4,VP,1,250,100
VIRTUAL_EXP_01,1600000001.5108514,1.6178204975490782,251.54757510586387,306.0815791084475,2978.810036619053,4,VP,1,250,100
VIRTUAL_EXP_01,1600000001.519199,1.626758732342167,251.48440741255996,309.82348669234705,2986.926991824665,4,VP,1,250,100
VIRTUAL_EXP_01,1600000001.527546,1.635696967135256,251.40110805338674,313.5516524723693,2986.3696955088035,4,VP,1,250,100
VIRTUAL_EXP_01,1600000001.5358932,1.6446352019283446,251.40146953677618,317.36491998077423,2981.0211598941823,4,VP,1,250,100
VIRTUAL_EXP_01,1600000001.5442405,1.6535734367214336,251.58755709156014,321.26459959177805,2976.282533452936,4,VP,1,250,100
VIRTUAL_EXP_01,1600000001.5525875,1.6625116715145227,252.0260540411195,325.1390267233553,2975.8012945365886,4,VP,1,250,100
VIRTUAL_EXP_01,1600000001.5609348,1.6714499063076111,252.7270547099951,328.88164236971613,2980.7052564737496,4,VP,1,250,100
VIRTUAL_EXP_01,1600000001.569282,1.6803881411007002,253.62582414861077,332.50109771783076,2989.8439896316645,4,VP,1,250,100
VIRTUAL_EXP_01,1600000001.577629,1.6893263758937889,254.6285362967973,336.0856628502729,2999.90184857387,4,VP,1,250,100
VIRTUAL_EXP_01,1600000001.5859766,1.6982646106868775,255.69187721895972,339.68853723353163,3008.112569803148,4,VP,1,250,100
VIRTUAL_EXP_01,1600000001.594324,1.7072028454799664,256.8258321225761,343.2885114332263,3014.385731235455,4,VP,1,250,100
VIRTUAL_EXP_01,1600000001.6026711,1.7161410802730552,258.0542500699766,346.84452014170233,3018.8916191211456,4,VP,1,250,100
VIRTUAL_EXP_01,1600000001.6110184,1.7250793150661443,259.40691325358966,350.3546672310196,3020.7650499760493,4,VP,1,250,100
VIRTUAL_EXP_01,1600000001.6193657,1.734017549859233,260.9085225711127,353.8604919404681,3020.4869636678463,4,VP,1,250,100
VIRTUAL_EXP_01,1600000001.627713,1.7429557846523218,262.5493032133144,357.4112307849148,3019.859063660944,4,VP,1,250,100
VIRTUAL_EXP_01,1600000001.63606,1.751894019445411,264.2845425191713,361.02037095140105,3019.504000829612,4,VP,1,250,100
VIRTUAL_EXP_01,1600000001.6444073,1.760832254238499,266.0705992658931,364.6393067399372,3019.6595924196445,4,VP,1,250,100
VIRTUAL_EXP_01,1600000001.6527543,1.7697704890315882,267.89430061963355,368.19256700046844,3021.220635457632,4,VP,1,250,100
VIRTUAL_EXP_01,1600000001.6611018,1.7787087238246773,269.773414448924,371.65274384376806,3023.6544765204885,4,VP,1,250,100
VIRTUAL_EXP_01,1600000001.669449,1.787646958617766,271.7214461560238,375.0634424400547,3025.655639651412,4,VP,1,250,100
VIRTUAL_EXP_01,1600000001.6777964,1.7965851934108548,273.7160606898519,378.48758119449946,3027.9981299429155,4,VP,1,250,100
VIRTUAL_EXP_01,1600000001.6861436,1.805523428203944,275.7281650841064,381.9393041456426,3032.281983666825,4,VP,1,250,100
VIRTUAL_EXP_01,1600000001.694491,1.8144616629970325,277.76227052984257,385.37531226601124,3037.8728373121803,4,VP,1,250,100
VIRTUAL_EXP_01,1600000001.7028382,1.823399897790121,279.8369888595061,388.7459428740892,3042.043370466705,4,VP,1,250,100
VIRTUAL_EXP_01,1600000001.7111852,1.83233813258321,281.9467510636656,392.0267737088743,3042.8290670281526,4,VP,1,250,100
VIRTUAL_EXP_01,1600000001.7195325,1.841276367376299,284.086763386392,395.22645012461254,3040.2649756484384,4,VP,1,250,100
VIRTUAL_EXP_01,1600000001.7278798,1.850214602169388,286.30043177810353,398.3842612265486,3034.1150765599114,4,VP,1,250,100
VIRTUAL_EXP_01,1600000001.736227,1.8591528369624768,288.6575552040201,401.5128328032489,3023.076317043769,4,VP,1,250,100
VIRTUAL_EXP_01,1600000001.7445743,1.8680910717555648,291.21784039390616,404.54827172009857,3007.15761191924,4,VP,1,250,100
VIRTUAL_EXP_01,1600000001.7529216,1.8770293065486543,294.03211578904404,407.3974892591323,2988.6970576445897,4,VP,1,250,100
VIRTUAL_EXP_01,1600000001.7612689,1.8859675413417427,297.1180027374556,410.0256906095098,2972.0432368061624,4,VP,1,250,100
VIRTUAL_EXP_01,1600000001.769616,1.894905776134832,300.41399847187284,412.4836179981293,2962.2206390156334,4,VP,1,250,100
VIRTUAL_EXP_01,1600000001.7779632,1.9038440109279209,303.78386802313076,414.8527946474821,2961.444530318157,4,VP,1,250,100
VIRTUAL_EXP_01,1600000001.7863104,1.9127822457210093,307.094178516747,417.1912788060835,2967.9773065636696,4,VP,1,250,100
VIRTUAL_EXP_01,1600000001.7946577,1.9217204805140984,310.31312183660566,419.5325978547013,2978.6732932063846,4,VP,1,250,100
VIRTUAL_EXP_01,1600000001.803005,1.9306587153071872,313.5387189692028,421.8786266492242,2989.7732346062285,4,VP,1,250,100
VIRTUAL_EXP_01,1600000001.8113525,1.939596950100276,316.9183803890301,424.1890357227792,2996.5053771907774,4,VP,1,250,100
VIRTUAL_EXP_01,1600000001.8196995,1.948535184893365,320.5258339066667,426.4219485763563,2996.8418537762873,4,VP,1,250,100
VIRTUAL_EXP_01,1600000001.8280468,1.9574734196864536,324.3173107535187,428.5707248909807,2994.7874259226555,4,VP,1,250,100
VIRTUAL_EXP_01,1600000001.836394,1.9664116544795425,328.1904555016225,430.6476018693208,2996.8421233767976,4,VP,1,250,100
VIRTUAL_EXP_01,1600000001.844741,1.9753498892726316,332.03895867552166,432.66696829303254,3007.1576038388694,4,VP,1,250,100
VIRTUAL_EXP_01,1600000001.8530884,1.9842881240657204,335.76094923430037,434.6289837489169,3025.701179990529,4,VP,1,250,100
VIRTUAL_EXP_01,1600000001.8614357,1.993226358858809,339.27802648030456,436.49730656198324,3048.5389400842837,4,VP,1,250,100
VIRTUAL_EXP_01,1600000001.869783,2.002164593651897,342.56720912837926,438.2424884123453,3070.624231366927,4,VP,1,250,100
VIRTUAL_EXP_01,1600000001.8781302,2.0111028284449866,345.67660268735705,439.8913902227652,3088.5104577360803,4,VP,1,250,100
VIRTUAL_EXP_01,1600000001.8864777,2.020041063238076,348.72901635732046,441.47074972141564,3100.5314991537384,4,VP,1,250,100
VIRTUAL_EXP_01,1600000001.8948247,2.0289792980311647,351.88055365348777,442.9457499121,3105.2382174644836,4,VP,1,250,100
VIRTUAL_EXP_01,1600000001.903172,2.0379175328242534,355.22460473774424,444.2680738032277,3100.14720296129,4,VP,1,250,100
VIRTUAL_EXP_01,1600000001.9115193,2.0468557676173424,358.74114565168475,445.44377159016335,3082.993214623299,4,VP,1,250,100
VIRTUAL_EXP_01,1600000001.9198666,2.055794002410431,362.35494340390096,446.52351009160043,3054.5149260401845,4,VP,1,250,100
VIRTUAL_EXP_01,1600000001.9282136,2.0647322372035197,366.02092790878834,447.5520284907942,3019.874244336268,4,VP,1,250,100
VIRTUAL_EXP_01,1600000001.9365609,2.0736704719966084,369.72988328909,448.53126289185553,2986.783238053569,4,VP,1,250,100
VIRTUAL_EXP_01,1600000001.944908,2.082608706789697,373.46257363519817,449.413945121798,2961.5002238039774,4,VP,1,250,100
VIRTUAL_EXP_01,1600000001.9532554,2.0915469415827865,377.20152358816006,450.1333171402524,2946.4066350096937,4,VP,1,250,100
VIRTUAL_EXP_01,1600000001.9616027,2.100485176375875,380.9674323843974,450.64082913771284,2940.754028553645,4,VP,1,250,100
VIRTUAL_EXP_01,1600000001.96995,2.109423411168964,384.78483076064936,450.9399252071133,2942.971416912584,4,VP,1,250,100
VIRTUAL_EXP_01,1600000001.9782972,2.1183616459620525,388.637603708889,451.12185824736866,2951.302844066291,4,VP,1,250,100
VIRTUAL_EXP_01,1600000001.9866445,2.127299880755141,392.483475727329,451.3244100563872,2962.5388324480814,4,VP,1,250,100
VIRTUAL_EXP_01,1600000001.9949915,2.13623811554823,396.3048336015992,451.60448733078374,2972.452548979069,4,VP,1,250,100
VIRTUAL_EXP_01,1600000002.0033388,2.1451763503413197,400.1434368232059,451.88003284122766,2978.1699032948836,4,VP,1,250,100
VIRTUAL_EXP_01,1600000002.011686,2.154114585134408,404.05603198631877,451.9983209195937,2979.898107104438,4,VP,1,250,100
VIRTUAL_EXP_01,1600000002.0200334,2.163052819927497,408.04024526558,451.8219410994596,2980.6820922666648,4,VP,1,250,100
VIRTUAL_EXP_01,1600000002.0283806,2.1719910547205856,412.03108944791444,451.26651249015083,2983.627117722724,4,VP,1,250,100
VIRTUAL_EXP_01,1600000002.036728,2.1809292895136743,415.9573132384614,450.32764062069486,2988.900530714834,4,VP,1,250,100
VIRTUAL_EXP_01,1600000002.0450752,2.189867524306764,419.80784590471734,449.09973833097433,2994.149673923455,4,VP,1,250,100
VIRTUAL_EXP_01,1600000002.0534225,2.198805759099852,423.6457725845841,447.7413658108348,2996.9808759597263,4,VP,1,250,100
VIRTUAL_EXP_01,1600000002.0617695,2.2077439938929406,427.54469464862086,446.39894238608304,2995.5071192303963,4,VP,1,250,100
VIRTUAL_EXP_01,1600000002.0701168,2.2166822286860297,431.53660382166805,445.15526410305904,2988.0926239855935,4,VP,1,250,100
VIRTUAL_EXP_01,1600000002.078464,2.2256204634791183,435.60722429834453,444.0420535136625,2974.2084034627483,4,VP,1,250,100
VIRTUAL_EXP_01,1600000002.0868113,2.2345586982722074,439.69022016007955,443.0559941955632,2955.0673969674835,4,VP,1,250,100
VIRTUAL_EXP_01,1600000002.0951586,2.243496933065297,443.6863966780794,442.1384920355936,2934.596322102394,4,VP,1,250,100
VIRTUAL_EXP_01,1600000002.1035058,2.252435167858385,447.54358052307475,441.18515363628364,2919.4667657934842,4,VP,1,250,100
VIRTUAL_EXP_01,1600000002.1118531,2.2613734026514742,451.2946607811081,440.10515016995123,2915.5926068398207,4,VP,1,250,100
VIRTUAL_EXP_01,1600000002.1202004,2.270311637444563,454.97049530106625,438.8719809748342,2924.102948114295,4,VP,1,250,100
VIRTUAL_EXP_01,1600000002.1285477,2.279249872237652,458.5408030731627,437.51476579261606,2940.663707378472,4,VP,1,250,100
VIRTUAL_EXP_01,1600000002.136895,2.2881881070307406,461.99224275448086,436.0724993209648,2958.6805206809568,4,VP,1,250,100
VIRTUAL_EXP_01,1600000002.145242,2.297126341823829,465.3711954246034,434.5832543469968,2973.9989888829637,4,VP,1,250,100
VIRTUAL_EXP_01,1600000002.1535892,2.306064576616918,468.71243113494216,433.08137720046653,2986.5508375059017,4,VP,1,250,100
VIRTUAL_EXP_01,1600000002.1619363,2.3150028114100074,472.00308574356853,431.5619266106956,2997.538937714878,4,VP,1,250,100
VIRTUAL_EXP_01,1600000002.1702838,2.323941046203096,475.2289253431933,429.9811245108904,3006.2888057070872,4,VP,1,250,100
VIRTUAL_EXP_01,1600000002.178631,2.332879280996184,478.41913895020764,428.2751744888259,3009.7615149620187,4,VP,1,250,100
VIRTUAL_EXP_01,1600000002.1869783,2.3418175157892733,481.64120233741653,426.3484667279386,3004.111563887719,4,VP,1,250,100
VIRTUAL_EXP_01,1600000002.1953256,2.350755750582363,484.9543800929649,424.10447450998356,2988.4429560647823,4,VP,1,250,100
VIRTUAL_EXP_01,1600000002.203673,2.359693985375451,488.3629073370613,421.50589986880874,2968.464639758674,4,VP,1,250,100
VIRTUAL_EXP_01,1600000002.21202,2.36863222016854,491.7999667997257,418.59292891313146,2954.403377590728,4,VP,1,250,100
VIRTUAL_EXP_01,1600000002.2203672,2.3775704549616288,495.15373242689526,415.47888202984467,2953.5954101784578,4,VP,1,250,100
VIRTUAL_EXP_01,1600000002.2287145,2.3865086897547183,498.3389683050008,412.321428883559,2965.149187380137,4,VP,1,250,100
VIRTUAL_EXP_01,1600000002.2370615,2.3954469245478065,501.35641268952355,409.2655928186807,2981.414457260685,4,VP,1,250,100
VIRTUAL_EXP_01,1600000002.245409,2.404385159340895,504.25670220153,406.38314588472764,2994.074390589849,4,VP,1,250,100
VIRTUAL_EXP_01,1600000002.2537563,2.413323394133984,507.06202871541825,403.6247626977762,2999.0221658811965,4,VP,1,250,100
VIRTUAL_EXP_01,1600000002.2621036,2.4222616289270733,509.7575986046955,400.85498551743814,2995.84102855282,4,VP,1,250,100
VIRTUAL_EXP_01,1600000002.2704508,2.431199863720161,512.3201129903182,397.9768124004353,2984.778365022681,4,VP,1,250,100
VIRTUAL_EXP_01,1600000002.278798,2.4401380985132506,514.7224819969078,395.00914255992916,2966.9275957934715,4,VP,1,250,100
VIRTUAL_EXP_01,1600000002.2871451,2.4490763333063392,516.9480856724551,392.04944681842983,2946.2220827058654,4,VP,1,250,100
VIRTUAL_EXP_01,1600000002.2954924,2.4580145680994283,519.0423134888423,389.18253030232336,2929.0699367601646,4,VP,1,250,100
VIRTUAL_EXP_01,1600000002.3038397,2.466952802892517,521.127346711292,386.4077928475946,2921.7363102610634,4,VP,1,250,100
VIRTUAL_EXP_01,1600000002.312187,2.475891037685606,523.2897627127375,383.6338710129816,2927.0267503312375,4,VP,1,250,100
VIRTUAL_EXP_01,1600000002.3205342,2.4848292724786947,525.4838729355765,380.75160809254044,2942.9177500612122,4,VP,1,250,100
VIRTUAL_EXP_01,1600000002.3288815,2.493767507271784,527.6101867530666,377.7113736274114,2964.6758237476965,4,VP,1,250,100
VIRTUAL_EXP_01,1600000002.3372288,2.5027057420648724,529.6256885135258,374.5111203867521,2987.2664309043694,4,VP,1,250,100
VIRTUAL_EXP_01,1600000002.345576,2.511643976857961,531.5554510741496,371.1545263191599,3006.3215266696,4,VP,1,250,100
VIRTUAL_EXP_01,1600000002.353923,2.52058221165105,533.4563963880862,367.65384513566994,3019.7856673250203,4,VP,1,250,100
VIRTUAL_EXP_01,1600000002.3622704,2.5295204464441388,535.3696884398067,364.0264132184165,3029.156958222709,4,VP,1,250,100
VIRTUAL_EXP_01,1600000002.3706176,2.5384586812372274,537.2766476866357,360.29068223486684,3037.15388085485,4,VP,1,250,100
VIRTUAL_EXP_01,1600000002.378965,2.5473969160303165,539.1112070418634,356.47822222476793,3043.8421467633166,4,VP,1,250,100
VIRTUAL_EXP_01,1600000002.3873122,2.556335150823405,540.8128563272442,352.6155000750529,3046.1542640109537,4,VP,1,250,100
VIRTUAL_EXP_01,1600000002.3956594,2.565273385616494,542.3381153232834,348.70845323284425,3041.8166142919695,4,VP,1,250,100
VIRTUAL_EXP_01,1600000002.4040067,2.574211620409583,543.665008233715,344.77422067279576,3032.9633234052935,4,VP,1,250,100
VIRTUAL_EXP_01,1600000002.412354,2.5831498552026715,544.8282666375769,340.8508395001587,3024.471315996313,4,VP,1,250,100
VIRTUAL_EXP_01,1600000002.4207013,2.592088089995761,545.890058170806,336.93411159608786,3020.1862467166757,4,VP,1,250,100
VIRTUAL_EXP_01,1600000002.4290483,2.6010263247888497,546.8588390022845,332.95490525392194,3021.7958095008703,4,VP,1,250,100
VIRTUAL_EXP_01,1600000002.4373956,2.6099645595819387,547.6945100371804,328.89185211997477,3027.9480370723145,4,VP,1,250,100
VIRTUAL_EXP_01,1600000002.4457428,2.618902794375028,548.3623861360373,324.8657069700458,3033.5451985195073,4,VP,1,250,100
VIRTUAL_EXP_01,1600000002.45409,2.627841029168116,548.8296095894196,321.0441478661955,3032.9176681189065,4,VP,1,250,100
VIRTUAL_EXP_01,1600000002.4624374,2.6367792639612047,549.0807754185876,317.47331795478254,3023.981886857193,4,VP,1,250,100
VIRTUAL_EXP_01,1600000002.470785,2.645717498754294,549.1766973970994,314.0342965833263,3008.529042349598,4,VP,1,250,100
VIRTUAL_EXP_01,1600000002.479132,2.6546557335473824,549.2205847997737,310.5316051253461,2990.355013009965,4,VP,1,250,100
VIRTUAL_EXP_01,1600000002.4874792,2.663593968340471,549.2552725783931,306.82631427084164,2974.026182575306,4,VP,1,250,100
VIRTUAL_EXP_01,1600000002.4958265,2.67253220313356,549.2505635537805,302.93122111513884,2962.8748420730385,4,VP,1,250,100
VIRTUAL_EXP_01,1600000002.5041735,2.681470437926649,549.1673698061097,298.9845865134232,2956.8686016206316,4,VP,1,250,100
VIRTUAL_EXP_01,1600000002.5125208,2.6904086727197374,548.9878554203553,295.1143763596529,2954.154752657436,4,VP,1,250,100
VIRTUAL_EXP_01,1600000002.520868,2.6993469075128265,548.7104625006879,291.3273783043177,2954.0697713697923,4,VP,1,250,100
VIRTUAL_EXP_01,1600000002.529215,2.7082851423059147,548.3392312227862,287.531308218941,2957.3514687362863,4,VP,1,250,100
VIRTUAL_EXP_01,1600000002.5375626,2.717223377099005,547.8526125522906,283.64055075322085,2965.5858191130724,4,VP,1,250,100
VIRTUAL_EXP_01,1600000002.54591,2.7261616118920933,547.1777961123497,279.6327759551784,2980.634725917806,4,VP,1,250,100
VIRTUAL_EXP_01,1600000002.5542572,2.735099846685182,546.2323412590491,275.52774600721443,3002.4327792394697,4,VP,1,250,100
VIRTUAL_EXP_01,1600000002.5626044,2.744038081478271,545.0099154960496,271.34768778280903,3027.5612763540807,4,VP,1,250,100
VIRTUAL_EXP_01,1600000002.5709517,2.75297631627136,543.6098443730278,267.1031436135116,3050.5134376860187,4,VP,1,250,100
VIRTUAL_EXP_01,1600000002.5792987,2.761914551064448,542.1879490065265,262.82260638657004,3066.1813095014813,4,VP,1,250,100
VIRTUAL_EXP_01,1600000002.587646,2.7708527858575374,540.8903567620176,258.5778767504903,3071.2196037185136,4,VP,1,250,100
VIRTUAL_EXP_01,1600000002.5959933,2.779791020650626,539.8030660370147,254.4524999326775,3064.436139302662,4,VP,1,250,100
VIRTUAL_EXP_01,1600000002.6043406,2.788729255443715,538.9291640223096,250.48576634261238,3048.338944338348,4,VP,1,250,100
VIRTUAL_EXP_01,1600000002.6126878,2.797667490236804,538.2001057002951,246.64860174728454,3028.8848264916846,4,VP,1,250,100
VIRTUAL_EXP_01,1600000002.621035,2.8066057250298924,537.5100549126764,242.8892371466542,3011.240825536268,4,VP,1,250,100
VIRTUAL_EXP_01,1600000002.6293824,2.815543959822981,536.7503308360497,239.20054197506832,2997.224565941908,4,VP,1,250,100
VIRTUAL_EXP_01,1600000002.6377296,2.8244821946160705,535.8098117919703,235.60590299877254,2986.4549268794067,4,VP,1,250,100
VIRTUAL_EXP_01,1600000002.646077,2.833420429409159,534.5730049988294,232.11019399550057,2978.2038282785047,4,VP,1,250,100
VIRTUAL_EXP_01,1600000002.654424,2.8423586642022483,532.9715240215509,228.70582617499713,2973.129835278485,4,VP,1,250,100
VIRTUAL_EXP_01,1600000002.6627712,2.851296898995337,531.0244819878498,225.37340898698662,2972.1697719017743,4,VP,1,250,100
VIRTUAL_EXP_01,1600000002.6711185,2.860235133788425,528.8042899087509,222.06573360651305,2972.9388422519896,4,VP,1,250,100
VIRTUAL_EXP_01,1600000002.6794658,2.8691733685815146,526.3911584145576,218.75567224763478,2971.289509624161,4,VP,1,250,100
VIRTUAL_EXP_01,1600000002.687813,2.8781116033746037,523.8570374819682,215.49442411875833,2967.276500604773,4,VP,1,250,100
VIRTUAL_EXP_01,1600000002.6961603,2.887049838167692,521.2437318369431,212.38605491099923,2965.223011356549,4,VP,1,250,100
VIRTUAL_EXP_01,1600000002.7045076,2.895988072960781,518.5479892207929,209.51691856398958,2968.1964650669074,4,VP,1,250,100
VIRTUAL_EXP_01,1600000002.7128549,2.9049263077538696,515.7742910775223,206.9130089052213,2976.3025015758835,4,VP,1,250,100
VIRTUAL_EXP_01,1600000002.721202,2.9138645425469583,513.0061935769389,204.5285985557774,2988.737635820504,4,VP,1,250,100
VIRTUAL_EXP_01,1600000002.7295492,2.922802777340048,510.3635379337668,202.25883084685523,3003.8686843528667,4,VP,1,250,100
VIRTUAL_EXP_01,1600000002.7378964,2.931741012133136,507.8906430500823,199.97687007244417,3018.1741320463616,4,VP,1,250,100
VIRTUAL_EXP_01,1600000002.7462437,2.9406792469262246,505.53465764387425,197.55029294897597,3026.795370152032,4,VP,1,250,100
VIRTUAL_EXP_01,1600000002.754591,2.9496174817193137,503.20972622010163,194.85227097183508,3025.5915121203475,4,VP,1,250,100
VIRTUAL_EXP_01,1600000002.7629385,2.958555716512403,500.83867703652925,191.8301600212247,3013.790301059982,4,VP,1,250,100
VIRTUAL_EXP_01,1600000002.7712855,2.967493951305492,498.347279108498,188.55908289589314,2995.4217904375987,4,VP,1,250,100
VIRTUAL_EXP_01,1600000002.7796328,2.976432186098581,495.6636477500564,185.20162512184547,2977.8817708568095,4,VP,1,250,100
VIRTUAL_EXP_01,1600000002.78798,2.985370420891669,492.73084741547126,181.92596168668973,2967.4028564452747,4,VP,1,250,100
VIRTUAL_EXP_01,1600000002.796327,2.9943086556847582,489.51600173817263,178.84387386206382,2964.447383322121,4,VP,1,250,100
VIRTUAL_EXP_01,1600000002.8046744,3.003246890477847,486.0341032267786,176.013952403713,2964.9005669372923,4,VP,1,250,100
VIRTUAL_EXP_01,1600000002.8130217,3.012185125270936,482.37656982708296,173.48905415562604,2965.8799541401077,4,VP,1,250,100
VIRTUAL_EXP_01,1600000002.821369,3.0211233600640246,478.70491912111476,171.29657992473116,2968.0891204041213,4,VP,1,250,100
VIRTUAL_EXP_01,1600000002.8297162,3.030061594857113,475.1779579641055,169.3858452023277,2972.9538970293943,4,VP,1,250,100
VIRTUAL_EXP_01,1600000002.8380637,3.038999829650202,471.86187249746513,167.67343725843537,2979.5266538736396,4,VP,1,250,100
VIRTUAL_EXP_01,1600000002.8464108,3.0479380644432914,468.71360648430766,166.1289858757253,2984.8783471175852,4,VP,1,250,100
VIRTUAL_EXP_01,1600000002.854758,3.05687629923638,465.6281868656464,164.75171606392422,2986.8943854256167,4,VP,1,250,100
VIRTUAL_EXP_01,1600000002.863105,3.065814534029468,462.4991888283984,163.46241035798383,2985.679637972898,4,VP,1,250,100
VIRTUAL_EXP_01,1600000002.8714523,3.0747527688225578,459.2460417905388,162.09986896152492,2983.0873235777162,4,VP,1,250,100
VIRTUAL_EXP_01,1600000002.8797996,3.083691003615647,455.801719032651,160.56331235082558,2982.123473252611,4,VP,1,250,100
VIRTUAL_EXP_01,1600000002.8881469,3.092629238408735,452.12649502282113,158.9026627917163,2985.6059536051816,4,VP,1,250,100
VIRTUAL_EXP_01,1600000002.8964942,3.101567473201824,448.2476921549782,157.2636060393773,2994.250486998401,4,VP,1,250,100
VIRTUAL_EXP_01,1600000002.9048414,3.1105057079949128,444.2618476256069,155.78826048894052,3006.6178264284986,4,VP,1,250,100
VIRTUAL_EXP_01,1600000002.9131887,3.1194439427880023,440.2903967638898,154.54924695332986,3020.094206719944,4,VP,1,250,100
VIRTUAL_EXP_01,1600000002.921536,3.12838217758109,436.42163012445394,153.54910737216053,3030.607604768288,4,VP,1,250,100
VIRTUAL_EXP_01,1600000002.9298832,3.137320412374179,432.6791785726697,152.7605358113528,3033.9181519750678,4,VP,1,250,100
VIRTUAL_EXP_01,1600000002.9382305,3.146258647167268,429.0485739177496,152.13469881408227,3029.5908888150952,4,VP,1,250,100
VIRTUAL_EXP_01,1600000002.9465775,3.1551968819603573,425.51509061973246,151.59972824794812,3021.5567601877233,4,VP,1,250,100
VIRTUAL_EXP_01,1600000002.9549248,3.164135116753445,422.0262421670939,151.1020400620719,3013.634514232931,4,VP,1,250,100
VIRTUAL_EXP_01,1600000002.963272,3.1730733515465346,418.4532540563267,150.6464788778946,3007.2790650772,4,VP,1,250,100
VIRTUAL_EXP_01,1600000002.9716194,3.182011586339623,414.6768517329461,150.29401145502678,3003.6401502647263,4,VP,1,250,100
VIRTUAL_EXP_01,1600000002.9799666,3.1909498211327123,410.68500110515214,150.12068006672297,3004.200761306006,4,VP,1,250,100
VIRTUAL_EXP_01,1600000002.988314,3.1998880559258014,406.5527483302271,150.13862765570084,3009.4607821863724,4,VP,1,250,100
VIRTUAL_EXP_01,1600000002.9966612,3.20882629071889,402.38943708317413,150.26381849790303,3018.1982659561972,4,VP,1,250,100
VIRTUAL_EXP_01,1600000003.0050085,3.2177645255119787,398.2909250325497,150.40461008849886,3027.347919255498,4,VP,1,250,100
VIRTUAL_EXP_01,1600000003.0133555,3.226702760305068,394.27004191104334,150.53735838683627,3032.9561570329147,4,VP,1,250,100
VIRTUAL_EXP_01,1600000003.0217028,3.2356409950981564,390.26783066862987,150.69056736604716,3031.2459358077176,4,VP,1,250,100
VIRTUAL_EXP_01,1600000003.03005,3.244579229891245,386.2485404040118,150.93865676078113,3019.9722414811617,4,VP,1,250,100
VIRTUAL_EXP_01,1600000003.0383973,3.253517464684334,382.2233468804937,151.3861564728496,3000.754183229095,4,VP,1,250,100
VIRTUAL_EXP_01,1600000003.0467446,3.2624556994774228,378.212310767009,152.08628718104404,2978.2982725484467,4,VP,1,250,100
VIRTUAL_EXP_01,1600000003.055092,3.271393934270512,374.25032595738,152.97430820523755,2956.5606447155606,4,VP,1,250,100
VIRTUAL_EXP_01,1600000003.0634391,3.2803321690636005,370.38851594781516,153.91484712141647,2937.6565748526955,4,VP,1,250,100
VIRTUAL_EXP_01,1600000003.0717864,3.289270403856689,366.62729956682097,154.83289271661033,2923.2532215761485,4,VP,1,250,100
VIRTUAL_EXP_01,1600000003.0801334,3.298208638649778,362.8738290877833,155.75335259989228,2914.33123208339,4,VP,1,250,100
VIRTUAL_EXP_01,1600000003.0884807,3.307146873442867,359.0210238118979,156.7181869817615,2910.4507320946445,4,VP,1,250,100
VIRTUAL_EXP_01,1600000003.096828,3.316085108235956,355.05761428288423,157.72034983506887,2911.624952613596,4,VP,1,250,100
VIRTUAL_EXP_01,1600000003.1051753,3.325023343029045,351.05873282024567,158.71996434348475,2919.3894747120585,4,VP,1,250,100
VIRTUAL_EXP_01,1600000003.1135223,3.3339615778221336,347.09719623234906,159.7396083912391,2933.580507070599,4,VP,1,250,100
VIRTUAL_EXP_01,1600000003.1218698,3.3428998126152227,343.22402343543433,160.93750740490808,2949.9873702364075,4,VP,1,250,100
VIRTUAL_EXP_01,1600000003.130217,3.351838047408312,339.50746200321805,162.51677043822932,2962.465487892626,4,VP,1,250,100
VIRTUAL_EXP_01,1600000003.1385643,3.3607762822014,336.0004815726488,164.5223885820974,2966.8122485917206,4,VP,1,250,100
VIRTUAL_EXP_01,1600000003.1469116,3.3697145169944887,332.6764083013216,166.75390967081015,2963.6039228732516,4,VP,1,250,100
VIRTUAL_EXP_01,1600000003.155259,3.378652751787578,329.4566653225943,168.91348512693176,2957.4989067663387,4,VP,1,250,100
VIRTUAL_EXP_01,1600000003.163606,3.3875909865806664,326.26724758225777,170.84458338958535,2953.1652813287355,4,VP,1,250,100
VIRTUAL_EXP_01,1600000003.1719532,3.396529221373755,323.06736454428733,172.6044577103582,2951.9116489168864,4,VP,1,250,100
VIRTUAL_EXP_01,1600000003.1803005,3.405467456166844,319.8777642255924,174.31563217936,2952.3789582777226,4,VP,1,250,100
VIRTUAL_EXP_01,1600000003.1886475,3.414405690959933,316.75328303446116,176.03396854287124,2953.10766682625,4,VP,1,250,100
VIRTUAL_EXP_01,1600000003.196995,3.4233439257530214,313.71662042735204,177.78726319296746,2952.8798116129237,4,VP,1,250,100
VIRTUAL_EXP_01,1600000003.2053423,3.43228216054611,310.75976793640586,179.65181011985106,2951.2175876203783,4,VP,1,250,100
VIRTUAL_EXP_01,1600000003.2136896,3.4412203953391995,307.86919314170586,181.73221116731622,2950.387042012438,4,VP,1,250,100
VIRTUAL_EXP_01,1600000003.2220368,3.450158630132289,304.98352749967773,184.08497747121126,2954.3131545270953,4,VP,1,250,100
VIRTUAL_EXP_01,1600000003.230384,3.4590968649253773,302.0039762164232,186.68940351275037,2964.8457839600155,4,VP,1,250,100
VIRTUAL_EXP_01,1600000003.2387311,3.468035099718466,298.93405624041225,189.4852840544544,2979.8941510055015,4,VP,1,250,100
VIRTUAL_EXP_01,1600000003.2470784,3.476973334511555,295.92611770758816,192.40682606897718,2995.181586357631,4,VP,1,250,100
VIRTUAL_EXP_01,1600000003.2554257,3.485911569304644,293.12360151762834,195.38948446146222,3008.1392760879903,4,VP,1,250,100
VIRTUAL_EXP_01,1600000003.263773,3.494849804097732,290.5276580723324,198.3949709667435,3019.170660465521,4,VP,1,250,100
VIRTUAL_EXP_01,1600000003.2721202,3.5037880388908214,288.04570583869383,201.438578144359,3028.982072648841,4,VP,1,250,100
VIRTUAL_EXP_01,1600000003.2804675,3.51272627368391,285.59363083153244,204.565975401743,3036.49873873315,4,VP,1,250,100
VIRTUAL_EXP_01,1600000003.2888148,3.521664508476999,283.13380263935767,207.80707230959155,3039.4848044887995,4,VP,1,250,100
VIRTUAL_EXP_01,1600000003.2971618,3.530602743270088,280.67443024242147,211.16044241531603,3036.484182579185,4,VP,1,250,100
VIRTUAL_EXP_01,1600000003.305509,3.5395409780631764,278.23758149156566,214.588878309239,3028.1378862952065,4,VP,1,250,100
VIRTUAL_EXP_01,1600000003.3138564,3.548479212856266,275.8125922015877,218.01045741469076,3016.637230793367,4,VP,1,250,100
VIRTUAL_EXP_01,1600000003.3222036,3.5574174476493545,273.36003503186953,221.33741699434643,3004.3107337031015,4,VP,1,250,100
VIRTUAL_EXP_01,1600000003.330551,3.566355682442443,270.8648310025141,224.55160167215152,2992.7445588834726,4,VP,1,250,100
VIRTUAL_EXP_01,1600000003.3388982,3.575293917235532,268.39610599480284,227.73084243950083,2983.071975206452,4,VP,1,250,100
VIRTUAL_EXP_01,1600000003.3472457,3.584232152028621,266.0995876525167,230.9991817246953,2976.5395444794817,4,VP,1,250,100
VIRTUAL_EXP_01,1600000003.3555927,3.593170386821709,264.06574504703434,234.43132706127045,2973.856075243866,4,VP,1,250,100
VIRTUAL_EXP_01,1600000003.36394,3.6021086216147986,262.24423403175905,238.01095090858706,2975.143631165967,4,VP,1,250,100
VIRTUAL_EXP_01,1600000003.372287,3.6110468564078873,260.55268139992324,241.6914671486676,2980.630210885484,4,VP,1,250,100
VIRTUAL_EXP_01,1600000003.3806343,3.619985091200976,258.99308233439024,245.43914141691164,2989.2295879306575,4,VP,1,250,100
VIRTUAL_EXP_01,1600000003.3889816,3.628923325994065,257.61913276712005,249.2203618880559,2997.621690161435,4,VP,1,250,100
VIRTUAL_EXP_01,1600000003.3973289,3.6378615607871536,256.46577293390703,252.9928882848946,3002.331506028918,4,VP,1,250,100
VIRTUAL_EXP_01,1600000003.405676,3.646799795580242,255.52260885840036,256.6923944881656,3001.6188526724327,4,VP,1,250,100
VIRTUAL_EXP_01,1600000003.4140234,3.6557380303733313,254.71869870180097,260.2434897570268,2996.0239720296454,4,VP,1,250,100
VIRTUAL_EXP_01,1600000003.422371,3.66467626516642,253.94202139272593,263.62253544942627,2988.3430849918277,4,VP,1,250,100
VIRTUAL_EXP_01,1600000003.430718,3.67361449995951,253.11528147866883,266.9059541446417,2982.0183346392805,4,VP,1,250,100
VIRTUAL_EXP_01,1600000003.4390652,3.682552734752598,252.26750302980253,270.2474061742787,2979.2653779453494,4,VP,1,250,100
VIRTUAL_EXP_01,1600000003.4474125,3.691490969545687,251.52764966984694,273.81041441804047,2981.3377082768343,4,VP,1,250,100
VIRTUAL_EXP_01,1600000003.4557595,3.700429204338776,251.00440987035668,277.70290721946355,2988.233714552591,4,VP,1,250,100
VIRTUAL_EXP_01,1600000003.4641068,3.709367439131865,250.66038949798298,281.89763023368346,2996.669236525391,4,VP,1,250,100
VIRTUAL_EXP_01,1600000003.472454,3.718305673924953,250.37246933256287,286.20953682839036,3001.7746908075,4,VP,1,250,100
VIRTUAL_EXP_01,1600000003.480801,3.727243908718042,250.09779888469944,290.4317230229718,3002.6054098661066,4,VP,1,250,100
VIRTUAL_EXP_01,1600000003.4891486,3.736182143511131,249.8861544756656,294.48148312036176,3003.128305474632,4,VP,1,250,100
VIRTUAL_EXP_01,1600000003.497496,3.74512037830422,249.78261629279484,298.3933389004068,3006.713058803726,4,VP,1,250,100
VIRTUAL_EXP_01,1600000003.5058432,3.7540586130973086,249.80746334008617,302.24682124896447,3012.037060155823,4,VP,1,250,100
VIRTUAL_EXP_01,1600000003.5141904,3.762996847890397,249.9660188223287,306.1427191754624,3014.8524669253356,4,VP,1,250,100
VIRTUAL_EXP_01,1600000003.5225377,3.771935082683486,250.2362478432541,310.19439484527464,3012.348535403317,4,VP,1,250,100
VIRTUAL_EXP_01,1600000003.5308847,3.780873317476575,250.59561598559173,314.485616640885,3005.8914778006,4,VP,1,250,100
VIRTUAL_EXP_01,1600000003.539232,3.789811552269664,251.04204859557598,319.0187771132143,2999.7077829887603,4,VP,1,250,100
VIRTUAL_EXP_01,1600000003.5475793,3.7987497870627527,251.55870065387947,323.69044432041903,2996.7656118329655,4,VP,1,250,100
VIRTUAL_EXP_01,1600000003.5559266,3.8076880218558418,252.09927091610044,328.3157963923587,2996.285940048969,4,VP,1,250,100
VIRTUAL_EXP_01,1600000003.5642738,3.816626256648931,252.64133762675465,332.70186969141,2995.019086104355,4,VP,1,250,100
VIRTUAL_EXP_01,1600000003.572621,3.8255644914420186,253.24296752561844,336.7363327355791,2990.902271306761,4,VP,1,250,100
VIRTUAL_EXP_01,1600000003.5809684,3.834502726235108,254.0261530662611,340.4327280918684,2985.466432909424,4,VP,1,250,100
VIRTUAL_EXP_01,1600000003.5893154,3.8434409610281968,255.09388576202852,343.90211844585116,2981.89900137106,4,VP,1,250,100
VIRTUAL_EXP_01,1600000003.5976627,3.8523791958212863,256.4468876755094,347.27190094965977,2981.3333830418715,4,VP,1,250,100
VIRTUAL_EXP_01,1600000003.60601,3.8613174306143754,257.9608406957246,350.62271857860344,2982.4807924167467,4,VP,1,250,100
VIRTUAL_EXP_01,1600000003.6143572,3.870255665407463,259.46443773911545,354.00279528562027,2984.402696974039,4,VP,1,250,100
VIRTUAL_EXP_01,1600000003.6227045,3.879193900200552,260.8734555231896,357.4548526007891,2988.1153089833797,4,VP,1,250,100
VIRTUAL_EXP_01,1600000003.6310518,3.888132134993641,262.2215750831124,361.0148901543797,2995.1898751788744,4,VP,1,250,100
VIRTUAL_EXP_01,1600000003.639399,3.89707036978673,263.5707640538113,364.7190059495433,3005.012745314413,4,VP,1,250,100
VIRTUAL_EXP_01,1600000003.6477463,3.9060086045798186,264.96966210614596,368.58152629209184,3013.82549271483,4,VP,1,250,100
VIRTUAL_EXP_01,1600000003.6560936,3.914946839372908,266.4791256974521,372.55660177591403,3017.108310645561,4,VP,1,250,100
VIRTUAL_EXP_01,1600000003.6644406,3.923885074165996,268.16581799904856,376.5513672119568,3012.9473185140196,4,VP,1,250,100
VIRTUAL_EXP_01,1600000003.672788,3.932823308959085,270.06087948627993,380.46327677718557,3004.167408512784,4,VP,1,250,100
VIRTUAL_EXP_01,1600000003.6811352,3.941761543752174,272.1376373275404,384.2158431427646,2997.2093229532197,4,VP,1,250,100
VIRTUAL_EXP_01,1600000003.6894825,3.950699778545263,274.3487566725998,387.776033833006,2996.0856765501717,4,VP,1,250,100
VIRTUAL_EXP_01,1600000003.6978295,3.959638013338352,276.69296732481797,391.10782380898956,2998.042726396801,4,VP,1,250,100
VIRTUAL_EXP_01,1600000003.706177,3.96857624813144,279.20447658118445,394.14072691301794,2997.482675360773,4,VP,1,250,100
VIRTUAL_EXP_01,1600000003.7145245,3.977514482924529,281.8636828364844,396.8386575962723,2991.938438461829,4,VP,1,250,100
VIRTUAL_EXP_01,1600000003.7228715,3.986452717717618,284.5916020439504,399.2592417669169,2983.152457112641,4,VP,1,250,100
VIRTUAL_EXP_01,1600000003.7312188,3.9953909525107063,287.35057003979904,401.5272024206785,2974.8812517227734,4,VP,1,250,100
VIRTUAL_EXP_01,1600000003.7395658,4.004329187303796,290.1750618771881,403.7969446115146,2969.992501809831,4,VP,1,250,100
VIRTUAL_EXP_01,1600000003.7479131,4.0132674220968845,293.10183385909045,406.2111650266347,2968.746197884331,4,VP,1,250,100
VIRTUAL_EXP_01,1600000003.7562604,4.022205656889973,296.12601435900683,408.8267126158514,2970.4218533318744,4,VP,1,250,100
VIRTUAL_EXP_01,1600000003.7646077,4.031143891683062,299.20913889968676,411.5941857207038,2976.277571865396,4,VP,1,250,100
VIRTUAL_EXP_01,1600000003.772955,4.040082126476151,302.2969733024641,414.41979629513,2989.0688849368676,4,VP,1,250,100
VIRTUAL_EXP_01,1600000003.7813022,4.04902036126924,305.35883473470017,417.18882189266907,3008.9517346827606,4,VP,1,250,100
VIRTUAL_EXP_01,1600000003.7896495,4.057958596062329,308.4348668491891,419.7428424024801,3031.2530454039797,4,VP,1,250,100
VIRTUAL_EXP_01,1600000003.7979968,4.066896830855417,311.6094878484929,421.9365823010071,3049.091978750431,4,VP,1,250,100
VIRTUAL_EXP_01,1600000003.8063438,4.075835065648507,314.90753368462094,423.75751998684103,3057.524008829442,4,VP,1,250,100
VIRTUAL_EXP_01,1600000003.814691,4.0847733004415945,318.2494397718903,425.3648305327464,3055.6352862978833,4,VP,1,250,100
VIRTUAL_EXP_01,1600000003.8230383,4.093711535234683,321.53226926792655,426.9845596965449,3045.95500693581,4,VP,1,250,100
VIRTUAL_EXP_01,1600000003.8313856,4.102649770027773,324.733809807299,428.75245568738325,3032.3741409323216,4,VP,1,250,100
VIRTUAL_EXP_01,1600000003.839733,4.111588004820861,327.9456839653387,430.65797288449244,3018.503648675271,4,VP,1,250,100
VIRTUAL_EXP_01,1600000003.8480802,4.120526239613951,331.3044836796866,432.62065097029534,3007.5432218057126,4,VP,1,250,100
VIRTUAL_EXP_01,1600000003.8564274,4.129464474407039,334.8667584159649,434.58275904036424,3002.040992476791,4,VP,1,250,100
VIRTUAL_EXP_01,1600000003.8647747,4.138402709200127,338.57964718928537,436.5112501917143,3001.1792558083725,4,VP,1,250,100
VIRTUAL_EXP_01,1600000003.873122,4.147340943993217,342.3687287284795,438.3463926423937,2999.614047326973,4,VP,1,250,100
VIRTUAL_EXP_01,1600000003.881469,4.156279178786305,346.1900205732023,440.01791060916,2992.416358432256,4,VP,1,250,100
VIRTUAL_EXP_01,1600000003.8898163,4.165217413579395,350.0005788625811,441.5112724167681,2980.5756761851335,4,VP,1,250,100
VIRTUAL_EXP_01,1600000003.8981636,4.174155648372484,353.7462367162688,442.8534863202079,2970.3995077014856,4,VP,1,250,100
VIRTUAL_EXP_01,1600000003.9065108,4.183093883165573,357.40714610111047,444.0495440665617,2967.8817326725516,4,VP,1,250,100
VIRTUAL_EXP_01,1600000003.914858,4.192032117958662,361.00812792060157,445.0888776725109,2974.148361321891,4,VP,1,250,100
VIRTUAL_EXP_01,1600000003.9232054,4.20097035275175,364.5661467123163,445.9738709576052,2986.1186166870502,4,VP,1,250,100
VIRTUAL_EXP_01,1600000003.9315526,4.209908587544839,368.08636982772776,446.71274627195834,2998.8292845038104,4,VP,1,250,100
VIRTUAL_EXP_01,1600000003.9399,4.2188468223379285,371.6013606801534,447.32175171307034,3006.826876726155,4,VP,1,250,100
VIRTUAL_EXP_01,1600000003.9482472,4.227785057131016,375.15049079661065,447.8179243040553,3006.830838681424,4,VP,1,250,100
VIRTUAL_EXP_01,1600000003.9565942,4.236723291924105,378.73358089086486,448.1951883891776,2999.531007959894,4,VP,1,250,100
VIRTUAL_EXP_01,1600000003.9649415,4.245661526717194,382.3260615257095,448.4471679199512,2987.7759153784373,4,VP,1,250,100
VIRTUAL_EXP_01,1600000003.9732888,4.254599761510283,385.93765478032105,448.60658664548004,2974.2799577088213,4,VP,1,250,100
VIRTUAL_EXP_01,1600000003.981636,4.263537996303372,389.6378988481178,448.7429002801572,2961.115277364518,4,VP,1,250,100
VIRTUAL_EXP_01,1600000003.989983,4.27247623109646,393.51042107685464,448.9251705967021,2949.615802964865,4,VP,1,250,100
VIRTUAL_EXP_01,1600000003.9983306,4.28141446588955,397.567690806528,449.16744904207087,2941.530194068219,4,VP,1,250,100
VIRTUAL_EXP_01,1600000004.006678,4.290352700682639,401.7328675412038,449.42670581571355,2940.493092451279,4,VP,1,250,100
VIRTUAL_EXP_01,1600000004.0150251,4.299290935475727,405.93308504384567,449.6622676096583,2949.486601669062,4,VP,1,250,100
VIRTUAL_EXP_01,1600000004.0233722,4.308229170268816,410.14766513003025,449.83712824081897,2967.1709628023477,4,VP,1,250,100
VIRTUAL_EXP_01,1600000004.0317194,4.317167405061904,414.3453033099979,449.861710544853,2988.68773495785,4,VP,1,250,100
VIRTUAL_EXP_01,1600000004.0400667,4.326105639854994,418.4688459056264,449.6046015121246,3008.92831403411,4,VP,1,250,100
VIRTUAL_EXP_01,1600000004.048414,4.335043874648083,422.4867904541708,448.98620747110857,3023.7795238511926,4,VP,1,250,100
VIRTUAL_EXP_01,1600000004.0567613,4.343982109441171,426.4041610958555,448.0399695226243,3029.420261428032,4,VP,1,250,100
VIRTUAL_EXP_01,1600000004.0651083,4.352920344234261,430.25208750277164,446.87307568873484,3022.81357633187,4,VP,1,250,100
VIRTUAL_EXP_01,1600000004.0734558,4.3618585790273485,434.1045555905075,445.6122849355706,3004.217874700258,4,VP,1,250,100
VIRTUAL_EXP_01,1600000004.081803,4.370796813820438,438.08081665773403,444.3894787165254,2978.9584951950897,4,VP,1,250,100
VIRTUAL_EXP_01,1600000004.0901504,4.379735048613527,442.27093366226677,443.3031286260481,2955.3338698750704,4,VP,1,250,100
VIRTUAL_EXP_01,1600000004.0984974,4.388673283406615,446.62188113980943,442.3576137913827,2940.051567899647,4,VP,1,250,100
VIRTUAL_EXP_01,1600000004.106845,4.397611518199704,450.93376877702747,441.4321564099112,2935.7118931053797,4,VP,1,250,100
VIRTUAL_EXP_01,1600000004.115192,4.4065497529927935,455.01407860961785,440.3237684223717,2941.1229009039002,4,VP,1,250,100
VIRTUAL_EXP_01,1600000004.1235392,4.415487987785881,458.78920607184915,438.89108530058866,2953.0659466700313,4,VP,1,250,100
VIRTUAL_EXP_01,1600000004.1318865,4.424426222578971,462.2556047894496,437.15455501011434,2968.5713644569632,4,VP,1,250,100
VIRTUAL_EXP_01,1600000004.1402338,4.433364457372059,465.44993249640663,435.23209083638835,2985.4661015259803,4,VP,1,250,100
VIRTUAL_EXP_01,1600000004.148581,4.442302692165148,468.49554453682134,433.2359559479186,3001.148000787704,4,VP,1,250,100
VIRTUAL_EXP_01,1600000004.1569283,4.451240926958237,471.5638174705342,431.2320589580777,3012.8854946607375,4,VP,1,250,100
VIRTUAL_EXP_01,1600000004.1652756,4.460179161751326,474.7530617890444,429.2553150311441,3019.8149546946393,4,VP,1,250,100
VIRTUAL_EXP_01,1600000004.1736226,4.469117396544415,478.02982660881014,427.33874858392517,3023.2138549376787,4,VP,1,250,100
VIRTUAL_EXP_01,1600000004.18197,4.478055631337504,481.29082309482834,425.4735162843425,3024.5456168950623,4,VP,1,250,100
VIRTUAL_EXP_01,1600000004.1903172,4.486993866130593,484.46108937802666,423.5673328712434,3024.2442762202445,4,VP,1,250,100
VIRTUAL_EXP_01,1600000004.1986644,4.495932100923681,487.51207308649157,421.4993139533092,3022.4723869581226,4,VP,1,250,100
VIRTUAL_EXP_01,1600000004.2070117,4.50487033571677,490.45316965537194,419.18725401156144,3020.1723852034156,4,VP,1,250,100
VIRTUAL_EXP_01,1600000004.215359,4.513808570509859,493.3595396126954,416.6422351557336,3018.959217053963,4,VP,1,250,100
VIRTUAL_EXP_01,1600000004.2237062,4.5227468053029485,496.3133803780002,414.0058293650228,3019.666354916407,4,VP,1,250,100
VIRTUAL_EXP_01,1600000004.2320535,4.531685040096036,499.27490949796646,411.44550973484206,3020.63330520618,4,VP,1,250,100
VIRTUAL_EXP_01,1600000004.2404006,4.540623274889126,502.1034607391938,408.98382606651836,3018.4329636455186,4,VP,1,250,100
VIRTUAL_EXP_01,1600000004.2487478,4.549561509682214,504.71222536149577,406.4847544341443,3011.5270713192845,4,VP,1,250,100
VIRTUAL_EXP_01,1600000004.257095,4.558499744475303,507.1454787036162,403.7918894817525,3002.0666795326415,4,VP,1,250,100
VIRTUAL_EXP_01,1600000004.2654424,4.567437979268392,509.55071441897513,400.8518016550551,2993.45312098224,4,VP,1,250,100
VIRTUAL_EXP_01,1600000004.2737896,4.576376214061481,512.0965172027136,397.7296767569281,2988.001384788917,4,VP,1,250,100
VIRTUAL_EXP_01,1600000004.282137,4.58531444885457,514.8517795724108,394.5454801559504,2986.5669183723226,4,VP,1,250,100
VIRTUAL_EXP_01,1600000004.2904842,4.5942526836476585,517.7430781122989,391.3968891484003,2988.03330130405,4,VP,1,250,100
VIRTUAL_EXP_01,1600000004.2988317,4.603190918440748,520.6369561818545,388.3093804700467,2989.221899322093,4,VP,1,250,100
VIRTUAL_EXP_01,1600000004.3071787,4.612129153233836,523.401769168833,385.242360911629,2986.837491645686,4,VP,1,250,100
VIRTUAL_EXP_01,1600000004.3155258,4.621067388026925,525.9034229043671,382.13957698387026,2980.109992892886,4,VP,1,250,100
VIRTUAL_EXP_01,1600000004.323873,4.630005622820014,528.0689078782951,378.9579830872276,2971.7046984149356,4,VP,1,250,100
VIRTUAL_EXP_01,1600000004.3322203,4.638943857613103,529.9632984150498,375.6531022161833,2965.9048388296137,4,VP,1,250,100
VIRTUAL_EXP_01,1600000004.3405676,4.647882092406191,531.6870065650818,372.17926356495883,2964.6334270592847,4,VP,1,250,100
VIRTUAL_EXP_01,1600000004.3489149,4.656820327199281,533.2492937059889,368.53414785307734,2965.3167569622265,4,VP,1,250,100
VIRTUAL_EXP_01,1600000004.357262,4.6657585619923685,534.6345172366687,364.7799780281417,2963.6526813884625,4,VP,1,250,100
VIRTUAL_EXP_01,1600000004.3656094,4.674696796785458,535.8914511358894,361.02145835264974,2957.8116900130744,4,VP,1,250,100
VIRTUAL_EXP_01,1600000004.373957,4.683635031578547,537.11840503165,357.40277638914324,2950.073769531391,4,VP,1,250,100
VIRTUAL_EXP_01,1600000004.382304,4.692573266371635,538.4426615806516,354.06138625933187,2944.560822432498,4,VP,1,250,100
VIRTUAL_EXP_01,1600000004.390651,4.701511501164725,539.9727386606514,350.9943851980455,2942.7031071078663,4,VP,1,250,100
VIRTUAL_EXP_01,1600000004.3989985,4.7104497359578135,541.6853108327932,348.0096631319285,2942.1353843807315,4,VP,1,250,100
VIRTUAL_EXP_01,1600000004.4073455,4.719387970750902,543.3884172750365,344.8395044905963,2940.374375382363,4,VP,1,250,100
VIRTUAL_EXP_01,1600000004.4156928,4.728326205543991,544.839567321179,341.3016928997459,2938.0353844373517,4,VP,1,250,100
VIRTUAL_EXP_01,1600000004.42404,4.73726444033708,545.9046019005963,337.41074087468724,2938.2373797224545,4,VP,1,250,100
VIRTUAL_EXP_01,1600000004.4323874,4.746202675130168,546.6283529317826,333.34146406101036,2943.1613829806524,4,VP,1,250,100
VIRTUAL_EXP_01,1600000004.4407346,4.7551409099232576,547.1731405953198,329.2597626348494,2951.0475438345447,4,VP,1,250,100
VIRTUAL_EXP_01,1600000004.449082,4.764079144716346,547.6860189361979,325.2273212296047,2957.006432409793,4,VP,1,250,100
VIRTUAL_EXP_01,1600000004.457429,4.773017379509435,548.2364690616475,321.24411084985053,2957.884218751782,4,VP,1,250,100
VIRTUAL_EXP_01,1600000004.4657762,4.781955614302524,548.8472065958686,317.29232339096245,2955.499075158768,4,VP,1,250,100
VIRTUAL_EXP_01,1600000004.4741237,4.790893849095613,549.4898319114858,313.3406163971496,2952.984912421746,4,VP,1,250,100
VIRTUAL_EXP_01,1600000004.4824708,4.799832083888701,550.0478378807993,309.3542677926945,2951.121826405282,4,VP,1,250,100
VIRTUAL_EXP_01,1600000004.490818,4.80877031868179,550.3738067816458,305.31340058130024,2951.3271287109524,4,VP,1,250,100
VIRTUAL_EXP_01,1600000004.4991653,4.81770855347488,550.3858974130122,301.2203310557057,2956.7127057482508,4,VP,1,250,100
VIRTUAL_EXP_01,1600000004.5075126,4.826646788267968,550.0834679922598,297.0864227387957,2967.7439010602693,4,VP,1,250,100
VIRTUAL_EXP_01,1600000004.5158598,4.835585023061057,549.5320112843904,292.9169630920625,2981.7622390861447,4,VP,1,250,100
VIRTUAL_EXP_01,1600000004.524207,4.844523257854146,548.8463876351028,288.7195276539139,2996.3080798690007,4,VP,1,250,100
VIRTUAL_EXP_01,1600000004.532554,4.853461492647235,548.1410824524746,284.51935780711506,3009.889362642971,4,VP,1,250,100
VIRTUAL_EXP_01,1600000004.5409014,4.862399727440323,547.4882893917394,280.3690666592305,3021.116037513275,4,VP,1,250,100
VIRTUAL_EXP_01,1600000004.5492487,4.8713379622334125,546.9126599056148,276.35527218566364,3028.3160214758514,4,VP,1,250,100
VIRTUAL_EXP_01,1600000004.557596,4.880276197026501,546.4006471147895,272.5488738773599,3029.798920263518,4,VP,1,250,100
VIRTUAL_EXP_01,1600000004.5659432,4.88921443181959,545.904468587528,268.9223755054153,3024.9227974168243,4,VP,1,250,100
VIRTUAL_EXP_01,1600000004.5742905,4.898152666612679,545.3599383105535,265.3513168570047,3015.214700319327,4,VP,1,250,100
VIRTUAL_EXP_01,1600000004.5826378,4.907090901405768,544.7166387052861,261.6897285132785,3004.1815875150733,4,VP,1,250,100
VIRTUAL_EXP_01,1600000004.590985,4.916029136198856,543.9264213683031,257.85028677750535,2995.3170182863823,4,VP,1,250,100
VIRTUAL_EXP_01,1600000004.5993323,4.924967370991945,542.9322037609757,253.87362708854033,2990.2078504395777,4,VP,1,250,100
VIRTUAL_EXP_01,1600000004.6076794,4.933905605785034,541.7161348018182,249.91870495135387,2988.08115123697,4,VP,1,250,100
VIRTUAL_EXP_01,1600000004.6160266,4.9428438405781225,540.3236823484021,246.11343636863734,2985.824155341708,4,VP,1,250,100
VIRTUAL_EXP_01,1600000004.624374,4.951782075371212,538.8082289038507,242.41980143607097,2979.226839813896,4,VP,1,250,100
VIRTUAL_EXP_01,1600000004.6327212,4.960720310164301,537.1869393503385,238.7031092456063,2966.1024115128616,4,VP,1,250,100
VIRTUAL_EXP_01,1600000004.6410685,4.969658544957389,535.4761613018511,234.9080509506789,2948.3482847306236,4,VP,1,250,100
VIRTUAL_EXP_01,1600000004.6494155,4.978596779750478,533.7302831849265,231.11450990816596,2931.039357537622,4,VP,1,250,100
VIRTUAL_EXP_01,1600000004.657763,4.987535014543568,532.0146765923798,227.43772084998974,2919.212631727088,4,VP,1,250,100
VIRTUAL_EXP_01,1600000004.6661105,4.996473249336655,530.3424861918368,223.92853267588026,2914.650111517684,4,VP,1,250,100
VIRTUAL_EXP_01,1600000004.6744573,5.005411484129745,528.6367004119173,220.5703421793095,2916.2825255549683,4,VP,1,250,100
VIRTUAL_EXP_01,1600000004.6828046,5.014349718922833,526.7774581683582,217.31984505662362,2923.324327711256,4,VP,1,250,100
VIRTUAL_EXP_01,1600000004.691152,5.023287953715922,524.7093913114942,214.13873553659602,2936.2282142739878,4,VP,1,250,100
VIRTUAL_EXP_01,1600000004.6994991,5.032226188509011,522.4823529103982,211.02996233671502,2954.6563534086217,4,VP,1,250,100
VIRTUAL_EXP_01,1600000004.7078464,5.0411644233021,520.1665193075091,208.04783343118407,2976.038147254544,4,VP,1,250,100
VIRTUAL_EXP_01,1600000004.7161937,5.050102658095188,517.7656678615707,205.23476369484374,2996.2208693974558,4,VP,1,250,100
VIRTUAL_EXP_01,1600000004.724541,5.0590408928882775,515.2373831857565,202.56282950263702,3011.74284942823,4,VP,1,250,100
VIRTUAL_EXP_01,1600000004.7328882,5.067979127681367,512.5418198950528,199.93615640681344,3021.980064399709,4,VP,1,250,100
VIRTUAL_EXP_01,1600000004.7412355,5.076917362474455,509.66547191974274,197.24168353243044,3027.7952084730646,4,VP,1,250,100
VIRTUAL_EXP_01,1600000004.7495823,5.085855597267544,506.6562385788521,194.43944306732496,3029.019814857324,4,VP,1,250,100
VIRTUAL_EXP_01,1600000004.7579298,5.094793832060633,503.63287228554304,191.58746188044478,3024.837103985164,4,VP,1,250,100
VIRTUAL_EXP_01,1600000004.766277,5.1037320668537225,500.72878826653493,188.76308585889464,3014.9624547384474,4,VP,1,250,100
VIRTUAL_EXP_01,1600000004.7746243,5.11267030164681,498.011787857154,186.01431153687255,3000.0582508665175,4,VP,1,250,100
VIRTUAL_EXP_01,1600000004.7829716,5.1216085364399,495.4327604431287,183.4049857214378,2982.0295176046243,4,VP,1,250,100
VIRTUAL_EXP_01,1600000004.791319,5.130546771232988,492.8433270846736,181.03801004259432,2964.354052769839,4,VP,1,250,100
VIRTUAL_EXP_01,1600000004.7996662,5.139485006026077,490.088011921331,178.95455595964472,2952.8882566323678,4,VP,1,250,100
VIRTUAL_EXP_01,1600000004.8080134,5.148423240819166,487.0834053604369,177.04032362691876,2954.4183809374294,4,VP,1,250,100
VIRTUAL_EXP_01,1600000004.8163607,5.157361475612255,483.8127135881352,175.109391075588,2970.5249684401147,4,VP,1,250,100
VIRTUAL_EXP_01,1600000004.8247075,5.166299710405343,480.2892181888538,173.06881126972078,2994.0395335105736,4,VP,1,250,100
VIRTUAL_EXP_01,1600000004.833055,5.1752379451984325,476.54669189131266,170.95039713525168,3014.4782701887734,4,VP,1,250,100
VIRTUAL_EXP_01,1600000004.8414023,5.184176179991522,472.6354415014755,168.81096944866124,3025.4693659029363,4,VP,1,250,100
VIRTUAL_EXP_01,1600000004.8497496,5.19311441478461,468.6136276481566,166.69293289398004,3027.3320765123744,4,VP,1,250,100
VIRTUAL_EXP_01,1600000004.8580968,5.202052649577699,464.5710303678198,164.67248386811877,3025.07689370965,4,VP,1,250,100
VIRTUAL_EXP_01,1600000004.866444,5.210990884370788,460.62848900750566,162.83027494133296,3023.301685234628,4,VP,1,250,100
VIRTUAL_EXP_01,1600000004.8747914,5.219929119163877,456.8603252045907,161.1601899517559,3023.4180053340397,4,VP,1,250,100
VIRTUAL_EXP_01,1600000004.883139,5.228867353956965,453.25603132578584,159.58414713776517,3025.7120170206017,4,VP,1,250,100
VIRTUAL_EXP_01,1600000004.8914857,5.237805588750055,449.75733322474014,158.05194257709798,3030.260845142509,4,VP,1,250,100
VIRTUAL_EXP_01,1600000004.899833,5.246743823543143,446.2763871442904,156.5821231934613,3034.8025672910558,4,VP,1,250,100
VIRTUAL_EXP_01,1600000004.9081802,5.255682058336232,442.70550283366896,155.2312171073711,3034.7175404983545,4,VP,1,250,100
VIRTUAL_EXP_01,1600000004.9165275,5.264620293129321,438.98388875674675,154.05930780798917,3027.344905746042,4,VP,1,250,100
VIRTUAL_EXP_01,1600000004.9248748,5.273558527922409,435.1585612255809,153.08817991797073,3015.166760295788,4,VP,1,250,100
VIRTUAL_EXP_01,1600000004.933222,5.282496762715498,431.3315258015379,152.27465186318238,3002.9701195537104,4,VP,1,250,100
VIRTUAL_EXP_01,1600000004.941569,5.291434997508588,427.55300192270136,151.573619153076,2993.829716141982,4,VP,1,250,100
VIRTUAL_EXP_01,1600000004.9499166,5.300373232301676,423.8026048276648,151.0013469885575,2989.12792117611,4,VP,1,250,100
VIRTUAL_EXP_01,1600000004.958264,5.309311467094765,420.0598487667897,150.59423832567865,2988.753056624156,4,VP,1,250,100
VIRTUAL_EXP_01,1600000004.966611,5.318249701887854,416.34655094473004,150.3575064359529,2988.9076742861103,4,VP,1,250,100
VIRTUAL_EXP_01,1600000004.9749582,5.327187936680942,412.69528704620205,150.270316638225,2982.369834651024,4,VP,1,250,100
VIRTUAL_EXP_01,1600000004.9833057,5.336126171474032,409.11043732852295,150.31282337659707,2962.448064757329,4,VP,1,250,100
VIRTUAL_EXP_01,1600000004.9916527,5.34506440626712,405.56718865070746,150.4741349180611,2926.8386926218736,4,VP,1,250,100
VIRTUAL_EXP_01,1600000005.0,5.354002641060209,402.02799635165053,150.7144860250132,2880.2143747839823,4,VP,1,250,100
